locality_id,locality_name,name_occurrence,official_placename,has_macron
496,Hanmer Forest Park,suburb_4th_order,Hanmer Conservation Park,F
1059,North West Bay,suburb_4th_order,North-west Bay,F
1922,Whangaehu Valley,suburb_4th_order,Whangaehu,F
2142,Catlins Forest Park,suburb_4th_order,Catlins Conservation Park,F
2179,Kaimai-Mamaku Forest Park,suburb_4th_order,Kaimai Mamaku Conservation Park,F
2195,Lake Roxburgh Village,suburb_4th_order,Lake Roxburgh,F
2235,Raukumara Forest Park,suburb_4th_order,Raukumara Conservation Park,F
2328,Aoraki Mount Cook National Park,suburb_4th_order,Aoraki/Mount Cook National Park,F
2366,Mount Richmond Forest Park,suburb_4th_order,Mt Richmond Forest Park,F
2509,Westland National Park,suburb_4th_order,Westland National Park/Tai Poutini National Park,F
2755,Bethells Beach,suburb_4th_order,Te Henga (Bethells Beach),F
3081,Kelland Pond,suburb_4th_order,Kellands Pond,F
3108,Lake Astelia,suburb_4th_order,Astelia Lake,F
3121,Lake Bloxham,suburb_4th_order,Bloxham Lake,F
3150,Lake Colenso (Kokopunui),suburb_4th_order,Colenso Lake,F
3187,Lake Eyles,suburb_4th_order,Eyles Lake,F
3350,Lake Mavis,suburb_4th_order,Mavis Lake,F
3372,Lake Monk,suburb_4th_order,Monk Lake,F
3373,Lake Monowai,suburb_4th_order,Monowai Lake,F
3386,Lake Nerine,suburb_4th_order,Nerine Lake,F
3467,Lake Pukutahi,suburb_4th_order,Pukutahi Lake,F
3488,Lake Rotoatua,suburb_4th_order,Rotoatua,F
3528,Lake Rotoroa,suburb_4th_order,Lake Rotoroa (Hamilton Lake),F
3529,Lake Rotoroa,suburb_4th_order,Lake Rotoroa (Hamilton Lake),F
3530,Lake Rotoroa,suburb_4th_order,Lake Rotoroa (Hamilton Lake),F
3531,Lake Rotoroa,suburb_4th_order,Lake Rotoroa (Hamilton Lake),F
3532,Lake Rotoroa,suburb_4th_order,Lake Rotoroa (Hamilton Lake),F
3533,Lake Rotoroa,suburb_4th_order,Lake Rotoroa (Hamilton Lake),F
3559,Lake Shirley,suburb_4th_order,Shirley Lake,F
3579,Lake Tamaharau,suburb_4th_order,Taumaharau Lake,F
3613,Lake Victor,suburb_4th_order,Victor Lake,F
3619,Lake Wade,suburb_4th_order,Wade Lake,F
3620,Lake Wahakari,suburb_4th_order,Wahakari Lake,F
3648,Lake Welcome,suburb_4th_order,Welcome Lake,F
3821,Tokomaru No3 Reservoir,suburb_4th_order,Tokomaru No. 3 Reservoir,F
4159,Mercury Islands (Iles D'haussez),suburb_3rd_order,Mercury Islands,F
4163,Te Motu o Kura / Bare Island,suburb_4th_order,Te Motu-o-Kura / Bare Island,F
4189,Mahenotapuku (Bird Rock),suburb_4th_order,Mahenotapuku,F
4238,Mercury Islands (Iles D'haussez),suburb_3rd_order,Mercury Islands,F
4242,Raratoka Island (Centre Island),suburb_4th_order,Rarotoka Island,F
4252,Codfish Island (Whenuahou),suburb_4th_order,Codfish Island / Whenua Hou,F
4280,Mercury Islands (Iles D'haussez),suburb_3rd_order,Mercury Islands,F
4332,Mercury Islands (Iles D'haussez),suburb_3rd_order,Mercury Islands,F
4334,Mercury Islands (Iles D'haussez),suburb_3rd_order,Mercury Islands,F
4397,Jacky Lee Island (Pukeokaoka),suburb_4th_order,Jacky Lee Island,F
4405,Kaiaraara Island (Mill Island),suburb_4th_order,Kaiaraara Island,F
4416,Kanetetoe Islands,suburb_4th_order,Kanetetoe Island,F
4427,Mercury Islands (Iles D'haussez),suburb_3rd_order,Mercury Islands,F
4438,Mercury Islands (Iles D'haussez),suburb_3rd_order,Mercury Islands,F
4485,Maria Island (Ruapuke Island),suburb_4th_order,Maria Island,F
4493,Matapia Island,suburb_4th_order,Matapia,F
4495,Maud Island (Te Hoiere),suburb_4th_order,Maud Island,F
4499,Mercury Islands (Iles D'haussez),suburb_3rd_order,Mercury Islands,F
4530,Motuarohia Island (Roberton Island),suburb_4th_order,Motuarohia Island,F
4536,Motuharakeke Island (Flax Island),suburb_4th_order,Motuharakeke Island,F
4542,Motuhuia Island,suburb_4th_order,Motuhuia,F
4555,Motukaroro Island,suburb_4th_order,Motukaroro,F
4556,Motukaroro Island,suburb_4th_order,Motukaroro,F
4591,Motunau Island (Plate Island),suburb_4th_order,Motunau (Plate Island),F
4596,Motungarara Island (Cliff Rock),suburb_4th_order,Motungarara Island,F
4657,Motutara Rock (Twins Rock),suburb_4th_order,Motutara Rock,F
4675,Mercury Islands (Iles D'haussez),suburb_3rd_order,Mercury Islands,F
4741,Ohauroro Island (Peach Island),suburb_4th_order,Ohauroro Island,F
4744,Okahu Island (Red Head Island),suburb_4th_order,Okahu Island,F
4781,Pakihi Island (Sandspit Island),suburb_4th_order,Pakihi Island,F
4793,Motutawaki Island,suburb_4th_order,Motutawaki,F
4804,Pierced Rock,suburb_4th_order,Pierced Stack,F
4842,Pukuparara Island,suburb_4th_order,Pukuparara,F
4865,Rahuinui Island,suburb_4th_order,Rahuinui,F
4873,Rangitoto Ki Te Tonga / D'Urville Island,suburb_4th_order,Rangitoto ki te Tonga/D'Urville Island,F
4909,Mercury Islands (Iles D'haussez),suburb_3rd_order,Mercury Islands,F
4951,Stephenson Island (Mahinepua Island),suburb_4th_order,Stephenson Island,F
4970,Tapuareroutuutu (Chicot Rock),suburb_4th_order,Tapuareroutuutu,F
4994,Te Haupa Island (Saddle Island),suburb_4th_order,Te Haupa Island,F
5008,Te Ruatahi Island,suburb_4th_order,Te Ruatahi Islet,F
5032,Mercury Islands (Iles D'haussez),suburb_3rd_order,Mercury Islands,F
5058,Mercury Islands (Iles D'haussez),suburb_3rd_order,Mercury Islands,F
5082,Tuturuowae Island,suburb_4th_order,Tuturuowae,F
5115,West Chicken Island (Mauitaha Island),suburb_4th_order,Mauitaha Island,F
5125,Whangara Island (Cliff Island),suburb_4th_order,Whangara Island,F
5343,Albert Reef (Nukutaura),suburb_3rd_order,Albert Reef,F
5437,Bull And Cow,suburb_3rd_order,Bull and Cow Islands,F
5634,David Rocks (The Four Islands),suburb_3rd_order,David Rocks,F
5931,Mercury Islands (Iles D'haussez),suburb_3rd_order,Mercury Islands,F
5939,Mercury Islands (Iles D'haussez),suburb_3rd_order,Mercury Islands,F
5985,Mercury Islands (Iles D'haussez),suburb_3rd_order,Mercury Islands,F
6008,Mercury Islands (Iles D'haussez),suburb_3rd_order,Mercury Islands,F
6019,Mercury Islands (Iles D'haussez),suburb_3rd_order,Mercury Islands,F
6020,Mercury Islands (Iles D'haussez),suburb_3rd_order,Mercury Islands,F
6588,George Sound,suburb_3rd_order,Te Houhou / George Sound,F
6601,Raglan Harbour (Whaingaroa),suburb_3rd_order,Whaingaroa Harbour,F
6642,Lake Monowai,suburb_1st_order,Monowai Lake,F
6663,Preservation Inlet,suburb_3rd_order,Rakituma / Preservation Inlet,F
6664,Breaksea Sound,suburb_3rd_order,Te Puaitaha / Breaksea Sound,F
6719,Cunaris Sound,suburb_3rd_order,Te Korowhakaunu / Cunaris Sound,F
6727,Coles Bay (Waingaro Bay),suburb_4th_order,Waingaro Bay,F
6737,Raglan Harbour (Whaingaroa),suburb_3rd_order,Whaingaroa Harbour,F
6827,Lake Monowai,suburb_1st_order,Monowai Lake,F
6838,Bradshaw Sound,suburb_2nd_order,Kaikiekie / Bradshaw Sound,F
6845,George Sound,suburb_3rd_order,Te Houhou / George Sound,F
6886,Raglan Harbour (Whaingaroa),suburb_3rd_order,Whaingaroa Harbour,F
6904,Helen Arch,suburb_4th_order,Helena Anchorage,F
6916,Lake Monowai,suburb_1st_order,Monowai Lake,F
6951,Cunaris Sound,suburb_3rd_order,Te Korowhakaunu / Cunaris Sound,F
6953,Preservation Inlet,suburb_3rd_order,Rakituma / Preservation Inlet,F
6968,Lake Monowai,suburb_1st_order,Monowai Lake,F
7072,Raglan Harbour (Whaingaroa),suburb_3rd_order,Whaingaroa Harbour,F
7144,Million Bay,suburb_4th_order,Millon Bay,F
7148,North West Bay,suburb_3rd_order,North-west Bay,F
7202,North West Bay,suburb_4th_order,North-west Bay,F
7203,North West Bay,suburb_3rd_order,North-west Bay,F
7249,Porirua Harbour,suburb_3rd_order,Te Awarua-o-Porirua Harbour,F
7353,Raglan Harbour (Whaingaroa),suburb_3rd_order,Whaingaroa Harbour,F
7384,Porirua Harbour,suburb_3rd_order,Te Awarua-o-Porirua Harbour,F
7399,Bradshaw Sound,suburb_2nd_order,Kaikiekie / Bradshaw Sound,F
7439,Preservation Inlet,suburb_3rd_order,Rakituma / Preservation Inlet,F
7453,Lake Monowai,suburb_1st_order,Monowai Lake,F
7486,Breaksea Sound,suburb_3rd_order,Te Puaitaha / Breaksea Sound,F
7487,Preservation Inlet,suburb_3rd_order,Rakituma / Preservation Inlet,F
7492,Lake Monowai,suburb_1st_order,Monowai Lake,F
7509,Bradshaw Sound,suburb_2nd_order,Kaikiekie / Bradshaw Sound,F
7525,George Sound,suburb_3rd_order,Te Houhou / George Sound,F
7544,Breaksea Sound,suburb_3rd_order,Te Puaitaha / Breaksea Sound,F
7567,Tainui Cove,suburb_4th_order,Tainui,F
7576,North West Bay,suburb_3rd_order,North-west Bay,F
7636,Porirua Harbour,suburb_3rd_order,Te Awarua-o-Porirua Harbour,F
7678,Breaksea Sound,suburb_3rd_order,Te Puaitaha / Breaksea Sound,F
7686,North West Bay,suburb_3rd_order,North-west Bay,F
7730,Preservation Inlet,suburb_3rd_order,Rakituma / Preservation Inlet,F
7731,Breaksea Sound,suburb_3rd_order,Te Puaitaha / Breaksea Sound,F
7807,Raglan Harbour (Whaingaroa),suburb_3rd_order,Whaingaroa Harbour,F
7819,Preservation Inlet,suburb_3rd_order,Rakituma / Preservation Inlet,F
7878,Raglan Harbour (Whaingaroa),suburb_3rd_order,Whaingaroa Harbour,F
7895,Paterson Inlet / Whaka A Te Wera,suburb_2nd_order,Paterson Inlet/Whaka a Te Wera,F
7926,Breaksea Sound,suburb_3rd_order,Te Puaitaha / Breaksea Sound,F
7946,Bradshaw Sound,suburb_2nd_order,Kaikiekie / Bradshaw Sound,F
7968,Caswell Sound,suburb_4th_order,Taitetimu / Caswell Sound,F
7973,Chalky Inlet,suburb_4th_order,Taiari / Chalky Inlet,F
7998,Preservation Inlet,suburb_3rd_order,Rakituma / Preservation Inlet,F
8002,Paterson Inlet / Whaka A Te Wera,suburb_2nd_order,Paterson Inlet/Whaka a Te Wera,F
8011,Paterson Inlet / Whaka A Te Wera,suburb_2nd_order,Paterson Inlet/Whaka a Te Wera,F
8018,Paterson Inlet / Whaka A Te Wera,suburb_2nd_order,Paterson Inlet/Whaka a Te Wera,F
8024,Charles Sound,suburb_3rd_order,Taiporoporo / Charles Sound,F
8033,Breaksea Sound,suburb_3rd_order,Te Puaitaha / Breaksea Sound,F
8036,Preservation Inlet,suburb_3rd_order,Rakituma / Preservation Inlet,F
8043,Paterson Inlet / Whaka A Te Wera,suburb_2nd_order,Paterson Inlet/Whaka a Te Wera,F
8043,Fuchsia Bay,suburb_4th_order,Fuschia Bay,F
8048,Paterson Inlet / Whaka A Te Wera,suburb_2nd_order,Paterson Inlet/Whaka a Te Wera,F
8050,Paterson Inlet / Whaka A Te Wera,suburb_2nd_order,Paterson Inlet/Whaka a Te Wera,F
8056,Paterson Inlet / Whaka A Te Wera,suburb_2nd_order,Paterson Inlet/Whaka a Te Wera,F
8059,Paterson Inlet / Whaka A Te Wera,suburb_2nd_order,Paterson Inlet/Whaka a Te Wera,F
8083,Paterson Inlet / Whaka A Te Wera,suburb_2nd_order,Paterson Inlet/Whaka a Te Wera,F
8089,Paterson Inlet / Whaka A Te Wera,suburb_2nd_order,Paterson Inlet/Whaka a Te Wera,F
8104,Paterson Inlet / Whaka A Te Wera,suburb_2nd_order,Paterson Inlet/Whaka a Te Wera,F
8105,Preservation Inlet,suburb_3rd_order,Rakituma / Preservation Inlet,F
8122,Paterson Inlet / Whaka A Te Wera,suburb_2nd_order,Paterson Inlet/Whaka a Te Wera,F
8125,Paterson Inlet / Whaka A Te Wera,suburb_2nd_order,Paterson Inlet/Whaka a Te Wera,F
8142,Paterson Inlet / Whaka A Te Wera,suburb_2nd_order,Paterson Inlet/Whaka a Te Wera,F
8190,North West Bay,suburb_4th_order,North-west Bay,F
8191,North West Bay,suburb_4th_order,North-west Bay,F
8199,Raglan Harbour (Whaingaroa),suburb_3rd_order,Whaingaroa Harbour,F
8230,Otiao Bay (Indico Bay),suburb_4th_order,Otiao Bay,F
8244,Paterson Inlet / Whaka A Te Wera,suburb_2nd_order,Paterson Inlet/Whaka a Te Wera,F
8286,Paterson Inlet / Whaka A Te Wera,suburb_2nd_order,Paterson Inlet/Whaka a Te Wera,F
8294,Paterson Inlet / Whaka A Te Wera,suburb_2nd_order,Paterson Inlet/Whaka a Te Wera,F
8303,Ship Cove (Meretoto),suburb_4th_order,Meretoto / Ship Cove,F
8317,Paterson Inlet / Whaka A Te Wera,suburb_2nd_order,Paterson Inlet/Whaka a Te Wera,F
8318,South West Bay,suburb_4th_order,South-west Bay,F
8332,Paterson Inlet / Whaka A Te Wera,suburb_2nd_order,Paterson Inlet/Whaka a Te Wera,F
8335,Takutairaroa Bay,suburb_4th_order,Takutairaroa,F
8363,Paterson Inlet / Whaka A Te Wera,suburb_2nd_order,Paterson Inlet/Whaka a Te Wera,F
8367,Paterson Inlet / Whaka A Te Wera,suburb_2nd_order,Paterson Inlet/Whaka a Te Wera,F
8373,Paterson Inlet / Whaka A Te Wera,suburb_2nd_order,Paterson Inlet/Whaka a Te Wera,F
8383,Paterson Inlet / Whaka A Te Wera,suburb_2nd_order,Paterson Inlet/Whaka a Te Wera,F
8414,Paterson Inlet / Whaka A Te Wera,suburb_2nd_order,Paterson Inlet/Whaka a Te Wera,F
8430,Breaksea Sound,suburb_3rd_order,Te Puaitaha / Breaksea Sound,F
8435,Charles Sound,suburb_3rd_order,Taiporoporo / Charles Sound,F
8440,Cunaris Sound,suburb_3rd_order,Te Korowhakaunu / Cunaris Sound,F
8460,Paterson Inlet / Whaka A Te Wera,suburb_2nd_order,Paterson Inlet/Whaka a Te Wera,F
8473,Paterson Inlet / Whaka A Te Wera,suburb_2nd_order,Paterson Inlet/Whaka a Te Wera,F
8497,Raglan Harbour (Whaingaroa),suburb_3rd_order,Whaingaroa Harbour,F
8536,Waihaorangatahi Bay,suburb_4th_order,Waihaorangatahi,F
8562,French Pass / Te Aumiti,suburb_4th_order,Te Aumiti / French Pass,F
8563,Charles Sound,suburb_3rd_order,Taiporoporo / Charles Sound,F
8575,Paterson Inlet / Whaka A Te Wera,suburb_2nd_order,Paterson Inlet/Whaka a Te Wera,F
8580,Preservation Inlet,suburb_3rd_order,Rakituma / Preservation Inlet,F
8602,Paterson Inlet / Whaka A Te Wera,suburb_2nd_order,Paterson Inlet/Whaka a Te Wera,F
8660,Hauturu / Little Barrier Island,suburb_4th_order,Te Hauturu-o-Toi / Little Barrier Island,F
8674,Rangitira Island,suburb_4th_order,South East Island (Rangatira),F
8675,Little Mangere Island,suburb_4th_order,Little Mangere Island (Tapuaenuku) The Fort,F
8677,Pitt Island,suburb_4th_order,Pitt Island (Rangiauria),F
8678,The Castle,suburb_4th_order,The Castle (Rangiwheau),F
8839,St Arnaud,suburb_4th_order,St. Arnaud,F
8859,Riverton,suburb_4th_order,Riverton/Aparima,F
8907,Waipiro,suburb_4th_order,Waipiro Bay,F
8919,North West Bay,suburb_4th_order,North-west Bay,F
8944,Estuary Of The Heathcote And Avon Rivers / Ihutai,suburb_4th_order,Estuary of the Heathcote and Avon Rivers/Ihutai,F
1829,Riverton,majorlocality_name,Riverton/Aparima,F
2507,Riverton,majorlocality_name,Riverton/Aparima,F
8839,St Arnaud,majorlocality_name,St. Arnaud,F
2755,Bethells Beach,majorlocality_name,Te Henga (Bethells Beach),F
1677,Riverton,majorlocality_name,Riverton/Aparima,F
65,St Arnaud,majorlocality_name,St. Arnaud,F
1292,Riverton,majorlocality_name,Riverton/Aparima,F
1415,Riverton,majorlocality_name,Riverton/Aparima,F
482,Riverton,majorlocality_name,Riverton/Aparima,F
1777,Riverton,majorlocality_name,Riverton/Aparima,F
2509,Westland National Park,majorlocality_name,Westland National Park/Tai Poutini National Park,F
8859,Riverton,city_name,Riverton/Aparima,F
1184,Riverton,majorlocality_name,Riverton/Aparima,F
769,Riverton,city_name,Riverton/Aparima,F
2411,St Arnaud,majorlocality_name,St. Arnaud,F
1446,Riverton,majorlocality_name,Riverton/Aparima,F
1130,Riverton,majorlocality_name,Riverton/Aparima,F
2235,Raukumara Forest Park,majorlocality_name,Raukumara Conservation Park,F
2179,Kaimai-Mamaku Forest Park,majorlocality_name,Kaimai Mamaku Conservation Park,F
93,Riverton,majorlocality_name,Riverton/Aparima,F
2366,Mount Richmond Forest Park,majorlocality_name,Mt Richmond Forest Park,F
431,St Arnaud,majorlocality_name,St. Arnaud,F
689,St Arnaud,majorlocality_name,St. Arnaud,F
8859,Riverton,majorlocality_name,Riverton/Aparima,F
2413,St Arnaud,majorlocality_name,St. Arnaud,F
1870,Riverton,majorlocality_name,Riverton/Aparima,F
2172,St Arnaud,majorlocality_name,St. Arnaud,F
974,St Arnaud,majorlocality_name,St. Arnaud,F
457,St Arnaud,majorlocality_name,St. Arnaud,F
769,Riverton,majorlocality_name,Riverton/Aparima,F
2336,Riverton,majorlocality_name,Riverton/Aparima,F
1671,Riverton,majorlocality_name,Riverton/Aparima,F
2132,Riverton,majorlocality_name,Riverton/Aparima,F
352,Riverton,majorlocality_name,Riverton/Aparima,F
478,Riverton,majorlocality_name,Riverton/Aparima,F
2142,Catlins Forest Park,majorlocality_name,Catlins Conservation Park,F
1146,Riverton,majorlocality_name,Riverton/Aparima,F
2328,Aoraki Mount Cook National Park,majorlocality_name,Aoraki/Mount Cook National Park,F
6,Ahikouka,suburb_4th_order,Ahikōuka,T
34,Apiti,suburb_4th_order,Āpiti,T
325,East Takaka,suburb_4th_order,East Tākaka,T
336,Eketahuna,suburb_4th_order,Eketāhuna,T
512,Hawea Flat,suburb_4th_order,Hāwea Flat,T
513,Hawera,suburb_4th_order,Hāwera,T
583,Hukerenui,suburb_4th_order,Hūkerenui,T
620,Kahuranaki,suburb_4th_order,Kahurānaki,T
627,Kaihu Forest,suburb_4th_order,Kaihū Forest,T
629,Kaikoura,suburb_4th_order,Kaikōura,T
630,Kaikoura Peninsula,suburb_4th_order,Kaikōura Peninsula,T
717,Kopuaranga,suburb_4th_order,Kōpuaranga,T
803,Makara,suburb_4th_order,Mākara,T
806,Makareao,suburb_4th_order,Mākareao,T
833,Mangatawhiri,suburb_4th_order,Mangatāwhiri,T
836,Mangere Bridge,suburb_4th_order,Māngere Bridge,T
837,Mangere East,suburb_4th_order,Māngere East,T
850,Mapua,suburb_4th_order,Māpua,T
881,Matata,suburb_4th_order,Matatā,T
947,Mohakatino,suburb_4th_order,Mōhakatino,T
958,Morere,suburb_4th_order,Mōrere,T
968,Motu,suburb_4th_order,Mōtū,T
1022,Ngahape,suburb_4th_order,Ngāhape,T
1023,Ngahape,suburb_4th_order,Ngāhape,T
1035,Ngatimoti,suburb_4th_order,Ngātīmoti,T
1039,Ngongotaha Valley,suburb_4th_order,Ngongotahā Valley,T
1070,Oakura,suburb_4th_order,Ōakura,T
1084,Ohingaiti,suburb_4th_order,Ōhingaiti,T
1087,Ohura,suburb_4th_order,Ōhura,T
1112,Opaheke,suburb_4th_order,Ōpaheke,T
1113,Opaki,suburb_4th_order,Ōpaki,T
1120,Opotiki,suburb_4th_order,Ōpōtiki,T
1148,Otaki,suburb_4th_order,Ōtaki,T
1152,Otane,suburb_4th_order,Ōtāne,T
1157,Otara,suburb_4th_order,Ōtara,T
1160,Otaua,suburb_4th_order,Ōtaua,T
1176,Owhiro,suburb_4th_order,Ōwhiro,T
1177,Owhiro Bay,suburb_4th_order,Ōwhiro Bay,T
1180,Paekakariki,suburb_4th_order,Paekākāriki,T
1195,Papakowhai,suburb_4th_order,Papakōwhai,T
1229,Pauatahanui,suburb_4th_order,Pāuatahanui,T
1268,Pohara,suburb_4th_order,Pōhara,T
1273,Pokeno,suburb_4th_order,Pōkeno,T
1339,Putaruru,suburb_4th_order,Putāruru,T
1367,Rangitumau,suburb_4th_order,Rangitūmau,T
1371,Ranui,suburb_4th_order,Rānui,T
1373,Te Rapaki o Te Rakiwhakaputa,suburb_4th_order,Te Rāpaki-o-Te Rakiwhakaputa,T
1447,Ruakaka Bay,suburb_4th_order,Ruakākā Bay,T
1448,Ruakokoputuna,suburb_4th_order,Ruakōkoputuna,T
1561,Tahorakuri Forest,suburb_4th_order,Tahorakurī Forest,T
1563,Tahunanui,suburb_4th_order,Tāhunanui,T
1570,Taita,suburb_4th_order,Taitā,T
1582,Taneatua,suburb_4th_order,Tāneatua,T
1583,Tangarakau,suburb_4th_order,Tāngarākau,T
1614,Tawharanui Peninsula,suburb_4th_order,Tāwharanui Peninsula,T
1633,Te Marua,suburb_4th_order,Te Mārua,T
1686,Tinui,suburb_4th_order,Tīnui,T
1697,Tirau,suburb_4th_order,Tīrau,T
1698,Tiraumea,suburb_4th_order,Tīraumea,T
1701,Titahi Bay,suburb_4th_order,Tītahi Bay,T
1715,Tongaporutu,suburb_4th_order,Tongapōrutu,T
1717,Torere,suburb_4th_order,Tōrere,T
1721,Totara Park,suburb_4th_order,Tōtara Park,T
1800,Waima,suburb_4th_order,Waimā,T
1920,Whakatane,suburb_4th_order,Whakatāne,T
1925,Whangamomona,suburb_4th_order,Whangamōmona,T
1988,Te Pohue,suburb_4th_order,Te Pōhue,T
2005,Owhango,suburb_4th_order,Ōwhango,T
2007,Ngahinapouri,suburb_4th_order,Ngāhinapōuri,T
2018,Lake Rotoma,suburb_4th_order,Lake Rotomā,T
2122,Okarito,suburb_4th_order,Ōkārito,T
2217,Ohaupo,suburb_4th_order,Ōhaupō,T
2234,Ratana,suburb_4th_order,Rātana,T
2257,Waitotara,suburb_4th_order,Waitōtara,T
2259,Waitarere,suburb_4th_order,Waitārere,T
2282,Owhata,suburb_4th_order,Ōwhata,T
2312,Lake Hawea,suburb_4th_order,Lake Hāwea,T
2369,Ngaruawahia,suburb_4th_order,Ngāruawāhia,T
2370,Ohau,suburb_4th_order,Ōhau,T
2373,Otara,suburb_4th_order,Ōtara,T
2405,Waihaha,suburb_4th_order,Waihāhā,T
2440,Whirinaki Forest Park,suburb_4th_order,Whirinaki Te Pua-a-Tāne Conservation Park,T
2443,Turangi,suburb_4th_order,Tūrangi,T
2468,Peketa,suburb_4th_order,Peketā,T
2480,Purakaunui,suburb_4th_order,Pūrākaunui,T
2523,Pakawau,suburb_4th_order,Pākawau,T
2527,Puramahoi,suburb_4th_order,Puramāhoi,T
2529,Takaka,suburb_4th_order,Tākaka,T
2532,Marahau,suburb_4th_order,Mārahau,T
2551,Okiwi Bay,suburb_4th_order,Ōkiwi Bay,T
2576,Mahina Bay,suburb_4th_order,Māhina Bay,T
2583,Whangaimoana,suburb_4th_order,Whāngaimoana,T
2590,Akitio,suburb_4th_order,Ākitio,T
2604,Waimarama,suburb_4th_order,Waimārama,T
2624,Nuhaka,suburb_4th_order,Nūhaka,T
2634,Mahia,suburb_4th_order,Māhia,T
2659,Ohope,suburb_4th_order,Ōhope,T
2672,Whakamarama,suburb_4th_order,Whakamārama,T
2673,Omokoroa,suburb_4th_order,Ōmokoroa,T
2690,Kuaotunu,suburb_4th_order,Kūaotunu,T
2691,Kuaotunu West,suburb_4th_order,Kūaotunu West,T
2720,Miranda,suburb_4th_order,Pūkorokoro / Miranda,T
2722,Whakatiwai,suburb_4th_order,Whakatīwai,T
2725,Orere Point,suburb_4th_order,Ōrere Point,T
2737,Mangere,suburb_4th_order,Māngere,T
2743,Upper Takaka,suburb_4th_order,Upper Tākaka,T
2756,Waitakere,suburb_4th_order,Waitākere,T
2769,Te Kopuru,suburb_4th_order,Te Kōpuru,T
2771,Omapere,suburb_4th_order,Ōmāpere,T
2795,Te Hapua,suburb_4th_order,Te Hāpua,T
2808,Taupo Bay,suburb_4th_order,Taupō Bay,T
2829,Oakura,suburb_4th_order,Ōakura,T
2834,Whangarei Heads,suburb_4th_order,Whangārei Heads,T
2845,Port Whangarei,suburb_4th_order,Port Whangārei,T
2857,Ruakaka,suburb_4th_order,Ruakākā,T
2904,Te Atatu Peninsula,suburb_4th_order,Te Atatū Peninsula,T
2908,Te Atatu South,suburb_4th_order,Te Atatū South,T
2931,Otara,suburb_4th_order,Ōtara,T
2945,Makara Beach,suburb_4th_order,Mākara Beach,T
2948,Opunake,suburb_4th_order,Ōpunake,T
2950,Okato,suburb_4th_order,Ōkato,T
2963,Kumeu,suburb_4th_order,Kumeū,T
3048,Whatuma Lake,suburb_4th_order,Lake Whatumā,T
3085,Kourarau Dam,suburb_4th_order,Kōurarau Dam,T
3219,Lake Hawea,suburb_4th_order,Lake Hāwea,T
3371,Lake Mokeno,suburb_4th_order,Lake Mōkeno,T
3395,Lake Nganoke,suburb_4th_order,Lake Ngānoke,T
3409,Lake Ohau,suburb_4th_order,Lake Ōhau,T
3411,Lake Okaihau,suburb_4th_order,Lake Ōkaihau,T
3417,Lake Omapere,suburb_4th_order,Lake Ōmāpere,T
3433,Lake Owhareiti,suburb_4th_order,Lake Ōwhareiti,T
3472,Lake Rahui,suburb_4th_order,Lake Rāhui,T
3587,Lake Te Hapua,suburb_4th_order,Lake Te Hāpua,T
3610,Lake Tutira,suburb_4th_order,Lake Tūtira,T
3665,Lake Windermere,suburb_4th_order,Ōkāritoiti / Lake Windermere,T
3722,Okupe Lagoon,suburb_4th_order,Ōkupe Lagoon,T
3724,Lake Rotoma,suburb_1st_order,Lake Rotomā,T
3731,Pehiakura Lake,suburb_4th_order,Pēhiakura Lake,T
3761,Runanga Lake,suburb_4th_order,Rūnanga Lake,T
3825,Totara Lagoon,suburb_4th_order,Tōtara Lagoon,T
3832,Upper Mangatawhiri Reservoir,suburb_4th_order,Upper Mangatāwhiri Reservoir,T
3842,Waitakere Reservoir,suburb_4th_order,Waitākere Reservoir,T
3848,Lake Rotoma,suburb_1st_order,Lake Rotomā,T
3965,Lake Alabaster / Wawahi Waka,suburb_4th_order,Lake Alabaster/Wāwāhi Waka,T
3973,Te Matahi Lagoon,suburb_4th_order,Te Matahī Lagoon,T
3973,Lake Rotoma,suburb_1st_order,Lake Rotomā,T
3981,Taupo,suburb_4th_order,Taupō,T
3985,Lake Atiamuri,suburb_4th_order,Lake Ātiamuri,T
3990,Lake Okareka,suburb_4th_order,Lake Ōkareka,T
3991,Lake Okareka,suburb_4th_order,Lake Ōkareka,T
4000,Otaki,suburb_4th_order,Ōtaki,T
4015,Ohaeawai,suburb_4th_order,Ōhaeawai,T
4016,Okaihau,suburb_4th_order,Ōkaihau,T
4020,Whangamata,suburb_4th_order,Whangamatā,T
4023,Atiamuri,suburb_4th_order,Ātiamuri,T
4024,Te Akau,suburb_4th_order,Te Ākau,T
4027,Ngongotaha,suburb_4th_order,Ngongotahā,T
4028,Wharepuhunga,suburb_4th_order,Wharepūhunga,T
4037,Otumoetai,suburb_4th_order,Otūmoetai,T
4043,Lake Ohau,suburb_4th_order,Lake Ōhau,T
4052,Lake Wanaka,suburb_4th_order,Lake Wānaka,T
4068,Oparau,suburb_4th_order,Ōpārau,T
4069,Owhiro,suburb_4th_order,Ōwhiro,T
4086,Mangonui,suburb_4th_order,Mangōnui,T
4099,Ohiwa Harbour Opotiki,suburb_4th_order,Ōhiwa Harbour,T
4100,Ohiwa Harbour Whakatane,suburb_4th_order,Ōhiwa Harbour,T
4102,Otaua,suburb_4th_order,Ōtaua,T
4104,Porangahau,suburb_4th_order,Pōrangahau,T
4105,Purakaunui,suburb_4th_order,Pūrākaunui,T
4112,Totara River,suburb_4th_order,Tōtara River,T
4120,Awhitu,suburb_4th_order,Āwhitu,T
4126,Puponga,suburb_4th_order,Pūponga,T
4128,Mangarakau,suburb_4th_order,Mangarākau,T
4234,Manawatawhi / Three Kings Islands,suburb_2nd_order,Manawatāwhi/Three Kings Islands,T
4243,Torea Rocks,suburb_3rd_order,Tōrea Rocks,T
4331,Manawatawhi / Three Kings Islands,suburb_2nd_order,Manawatāwhi/Three Kings Islands,T
4331,Manawatawhi / Great Island,suburb_4th_order,Manawatāwhi/Great Island,T
4347,Hapuka Island,suburb_4th_order,Hāpuka Island,T
4358,Hawea Island,suburb_4th_order,Hāwea Island,T
4414,Kaka Island,suburb_4th_order,Kākā Island,T
4469,Torea Rocks,suburb_3rd_order,Tōrea Rocks,T
4480,Makaro / Ward Island,suburb_4th_order,Mākaro / Ward Island,T
4492,Nga Motu / Sugar Loaf Islands,suburb_3rd_order,Ngā Motu/Sugar Loaf Islands,T
4516,Motiti Island,suburb_4th_order,Mōtītī Island,T
4517,Motiti Island,suburb_4th_order,Mōtītī Island,T
4582,Nga Motu / Sugar Loaf Islands,suburb_3rd_order,Ngā Motu/Sugar Loaf Islands,T
4612,Nga Motu / Sugar Loaf Islands,suburb_3rd_order,Ngā Motu/Sugar Loaf Islands,T
4632,Nga Motu / Sugar Loaf Islands,suburb_3rd_order,Ngā Motu/Sugar Loaf Islands,T
4754,Omaui Island,suburb_4th_order,Ōmāui Island,T
4788,Nga Motu / Sugar Loaf Islands,suburb_3rd_order,Ngā Motu/Sugar Loaf Islands,T
4807,Pig Island / Matau,suburb_4th_order,Pig Island/Mātau,T
4809,Pigeon Island / Wawahi Waka,suburb_4th_order,Pigeon Island/Wāwāhi Waka,T
4827,Popotai Island,suburb_4th_order,Pōpōtai Island,T
4835,Puangiangi Island,suburb_4th_order,Pūangiangi Island,T
4908,Rurima Island,suburb_4th_order,Rūrima Island,T
4944,Manawatawhi / Three Kings Islands,suburb_2nd_order,Manawatāwhi/Three Kings Islands,T
4968,Tamihau Island,suburb_4th_order,Tāmihau Island,T
4973,Tarakaipa Island,suburb_4th_order,Tarakaipā Island,T
5048,Tinui Island,suburb_4th_order,Tīnui Island,T
5060,Nga Motu / Sugar Loaf Islands,suburb_3rd_order,Ngā Motu/Sugar Loaf Islands,T
5062,Nga Motu / Sugar Loaf Islands,suburb_3rd_order,Ngā Motu/Sugar Loaf Islands,T
5093,Nga Motu / Sugar Loaf Islands,suburb_3rd_order,Ngā Motu/Sugar Loaf Islands,T
5116,Manawatawhi / Three Kings Islands,suburb_2nd_order,Manawatāwhi/Three Kings Islands,T
5129,Nga Motu / Sugar Loaf Islands,suburb_3rd_order,Ngā Motu/Sugar Loaf Islands,T
5223,Manawatawhi / Three Kings Islands,suburb_2nd_order,Manawatāwhi/Three Kings Islands,T
6064,Nga Motu / Sugar Loaf Islands,suburb_3rd_order,Ngā Motu/Sugar Loaf Islands,T
6162,Manawatawhi / Three Kings Islands,suburb_2nd_order,Manawatāwhi/Three Kings Islands,T
6486,Torea Rocks,suburb_3rd_order,Tōrea Rocks,T
6542,East Tamaki,suburb_4th_order,East Tāmaki,T
6549,Omahuta Forest,suburb_4th_order,Ōmahuta Forest,T
6550,Puketi Forest,suburb_4th_order,Puketī Forest,T
6551,Opua Forest,suburb_4th_order,Ōpua Forest,T
6556,Houto Forest,suburb_4th_order,Hōuto Forest,T
6558,Waima Forest,suburb_4th_order,Waimā Forest,T
6581,Bligh Sound,suburb_3rd_order,Hāwea / Bligh Sound,T
6586,Dagg Sound,suburb_3rd_order,Te Rā / Dagg Sound,T
6629,Lake Wanaka,suburb_1st_order,Lake Wānaka,T
6635,Bligh Sound,suburb_3rd_order,Hāwea / Bligh Sound,T
6645,Waitemata Harbour,suburb_3rd_order,Waitematā Harbour,T
6651,Bligh Sound,suburb_3rd_order,Hāwea / Bligh Sound,T
6656,Lyttelton Harbour / Whakaraupo,suburb_3rd_order,Lyttelton Harbour/Whakaraupō,T
6657,Lake Wanaka,suburb_1st_order,Lake Wānaka,T
6659,Waitemata Harbour,suburb_3rd_order,Waitematā Harbour,T
6671,Mangonui Harbour,suburb_3rd_order,Mangōnui Harbour,T
6676,Waitata Bay,suburb_3rd_order,Waitātā Bay,T
6676,Waitata Reach,suburb_2nd_order,Waitātā Reach,T
6677,Waitata Reach,suburb_2nd_order,Waitātā Reach,T
6679,Lyttelton Harbour / Whakaraupo,suburb_3rd_order,Lyttelton Harbour/Whakaraupō,T
6696,Lyttelton Harbour / Whakaraupo,suburb_3rd_order,Lyttelton Harbour/Whakaraupō,T
6698,Waitemata Harbour,suburb_3rd_order,Waitematā Harbour,T
6703,Waitemata Harbour,suburb_3rd_order,Waitematā Harbour,T
6704,Lyttelton Harbour / Whakaraupo,suburb_3rd_order,Lyttelton Harbour/Whakaraupō,T
6705,Waitemata Harbour,suburb_3rd_order,Waitematā Harbour,T
6706,Ruakaka Bay,suburb_3rd_order,Ruakākā Bay,T
6707,Kotukutuku Bay,suburb_4th_order,Kōtukutuku Bay,T
6713,Lyttelton Harbour / Whakaraupo,suburb_3rd_order,Lyttelton Harbour/Whakaraupō,T
6726,Colac Bay / Oraka,suburb_4th_order,Colac Bay/Ōraka,T
6733,Lyttelton Harbour / Whakaraupo,suburb_3rd_order,Lyttelton Harbour/Whakaraupō,T
6738,Waitemata Harbour,suburb_3rd_order,Waitematā Harbour,T
6746,Dagg Sound,suburb_3rd_order,Te Rā / Dagg Sound,T
6749,Lake Wanaka,suburb_1st_order,Lake Wānaka,T
6760,Lyttelton Harbour / Whakaraupo,suburb_3rd_order,Lyttelton Harbour/Whakaraupō,T
6764,Lyttelton Harbour / Whakaraupo,suburb_3rd_order,Lyttelton Harbour/Whakaraupō,T
6778,Lake Wanaka,suburb_1st_order,Lake Wānaka,T
6798,Bligh Sound,suburb_3rd_order,Hāwea / Bligh Sound,T
6811,Waitata Reach,suburb_2nd_order,Waitātā Reach,T
6812,Waitemata Harbour,suburb_3rd_order,Waitematā Harbour,T
6817,Pohatu / Flea Bay,suburb_4th_order,Pōhatu/Flea Bay,T
6831,Waitemata Harbour,suburb_3rd_order,Waitematā Harbour,T
6848,Lake Wanaka,suburb_1st_order,Lake Wānaka,T
6854,Lyttelton Harbour / Whakaraupo,suburb_3rd_order,Lyttelton Harbour/Whakaraupō,T
6858,Lyttelton Harbour / Whakaraupo,suburb_3rd_order,Lyttelton Harbour/Whakaraupō,T
6877,Paka Bay,suburb_4th_order,Pākā Bay,T
6881,Waitata Bay,suburb_3rd_order,Waitātā Bay,T
6881,Waitata Reach,suburb_2nd_order,Waitātā Reach,T
6901,Lyttelton Harbour / Whakaraupo,suburb_3rd_order,Lyttelton Harbour/Whakaraupō,T
6908,Waitemata Harbour,suburb_3rd_order,Waitematā Harbour,T
6925,Waitemata Harbour,suburb_3rd_order,Waitematā Harbour,T
6935,Waitata Reach,suburb_2nd_order,Waitātā Reach,T
6947,Waitemata Harbour,suburb_3rd_order,Waitematā Harbour,T
6958,Whangarei Harbour,suburb_2nd_order,Whangārei Harbour,T
6967,Waitemata Harbour,suburb_3rd_order,Waitematā Harbour,T
6974,Kaikakahi Bay,suburb_4th_order,Kaikākahi Bay,T
6975,Kaikoura Bay,suburb_4th_order,Kaikōura Bay,T
7012,Waitata Reach,suburb_2nd_order,Waitātā Reach,T
7032,Kotukutuku Bay,suburb_4th_order,Kōtukutuku Bay,T
7033,Waitemata Harbour,suburb_3rd_order,Waitematā Harbour,T
7052,Waitemata Harbour,suburb_3rd_order,Waitematā Harbour,T
7060,Lyttelton Harbour / Whakaraupo,suburb_3rd_order,Lyttelton Harbour/Whakaraupō,T
7061,Waitemata Harbour,suburb_3rd_order,Waitematā Harbour,T
7063,Lyttelton Harbour / Whakaraupo,suburb_3rd_order,Lyttelton Harbour/Whakaraupō,T
7082,Mahanga Bay,suburb_4th_order,Māhanga Bay,T
7084,Mahina Bay,suburb_4th_order,Māhina Bay,T
7100,Maori Bay,suburb_4th_order,Māori Bay,T
7101,Waitata Reach,suburb_2nd_order,Waitātā Reach,T
7101,Maori Bay,suburb_4th_order,Māori Bay,T
7112,Whangarei Harbour,suburb_2nd_order,Whangārei Harbour,T
7131,Whangarei Harbour,suburb_2nd_order,Whangārei Harbour,T
7134,Lyttelton Harbour / Whakaraupo,suburb_3rd_order,Lyttelton Harbour/Whakaraupō,T
7143,Mangonui Harbour,suburb_3rd_order,Mangōnui Harbour,T
7147,Lake Wanaka,suburb_1st_order,Lake Wānaka,T
7149,Otaiatoa Bay,suburb_4th_order,Ōtaiātoa Bay,T
7159,Mokau Bay,suburb_4th_order,Mōkau Bay,T
7160,Mokau Inlet,suburb_4th_order,Mōkau Inlet,T
7167,Ruakaka Bay,suburb_3rd_order,Ruakākā Bay,T
7176,Whangarei Harbour,suburb_2nd_order,Whangārei Harbour,T
7191,Waitemata Harbour,suburb_3rd_order,Waitematā Harbour,T
7193,Ngawhakawhiti Bay,suburb_4th_order,Ngāwhakawhiti Bay,T
7196,Nguroa Bay,suburb_4th_order,Ngūroa Bay,T
7197,Parengarenga Harbour,suburb_3rd_order,Pārengarenga Harbour,T
7199,Waitemata Harbour,suburb_3rd_order,Waitematā Harbour,T
7207,Oakura Bay,suburb_4th_order,Ōakura Bay,T
7208,Oamaru Bay,suburb_4th_order,Ōamaru Bay,T
7209,Oananga Bay,suburb_4th_order,Ōananga Bay,T
7214,Ohau Bay,suburb_4th_order,Ōhau Bay,T
7226,Waitemata Harbour,suburb_3rd_order,Waitematā Harbour,T
7229,Okawa Bay,suburb_4th_order,Ōkawa Bay,T
7232,Okiwi Bay,suburb_4th_order,Ōkiwi Bay,T
7233,Okiwi Bay,suburb_4th_order,Ōkiwi Bay,T
7243,Omarupoto Bay,suburb_4th_order,Ōmarupoto Bay,T
7245,Omokau Bay,suburb_4th_order,Ōmōkau Bay,T
7258,Waitemata Harbour,suburb_3rd_order,Waitematā Harbour,T
7264,Opau Bay,suburb_4th_order,Ōpau Bay,T
7290,Otangimoana Bay,suburb_3rd_order,Ōtangimoana Bay,T
7291,Otara Bay,suburb_4th_order,Ōtara Bay,T
7292,Otara Bay,suburb_4th_order,Ōtara Bay,T
7294,Otarawao Bay,suburb_4th_order,Ōtarawao Bay,T
7295,Otarawao Bay,suburb_4th_order,Ōtarawao Bay,T
7299,Otautu Bay,suburb_4th_order,Ōtautū Bay,T
7300,Otautu Bay,suburb_4th_order,Ōtautū Bay,T
7306,Otuwhero Inlet,suburb_4th_order,Otūwhero Inlet,T
7308,Owhiro Bay,suburb_4th_order,Ōwhiro Bay,T
7314,Lake Wanaka,suburb_1st_order,Lake Wānaka,T
7319,Pakawau Inlet,suburb_4th_order,Pākawau Inlet,T
7324,Lake Rotoma,suburb_1st_order,Lake Rotomā,T
7346,Lake Wanaka,suburb_1st_order,Lake Wānaka,T
7370,Lyttelton Harbour / Whakaraupo,suburb_3rd_order,Lyttelton Harbour/Whakaraupō,T
7375,Ruakaka Bay,suburb_3rd_order,Ruakākā Bay,T
7378,Te Pohue Bay,suburb_4th_order,Te Pōhue Bay,T
7409,Purakaunui Bay,suburb_4th_order,Pūrākaunui Bay,T
7410,Purakaunui Bay,suburb_4th_order,Pūrākaunui Bay,T
7411,Purakaunui Inlet,suburb_4th_order,Pūrākaunui Inlet,T
7412,Lyttelton Harbour / Whakaraupo,suburb_3rd_order,Lyttelton Harbour/Whakaraupō,T
7416,Rahuiroa Bay,suburb_4th_order,Rāhuiroa Bay,T
7419,Kohatupapa / Ranfurly Bay,suburb_4th_order,Kōhatupapā / Ranfurly Bay,T
7424,Lyttelton Harbour / Whakaraupo,suburb_3rd_order,Lyttelton Harbour/Whakaraupō,T
7424,Rapaki Bay,suburb_4th_order,Rāpaki Bay,T
7425,Rapatu Bay,suburb_4th_order,Rāpatu Bay,T
7426,Ruakaka Bay,suburb_3rd_order,Ruakākā Bay,T
7437,Whangarei Harbour,suburb_2nd_order,Whangārei Harbour,T
7441,Waitata Reach,suburb_2nd_order,Waitātā Reach,T
7458,Lake Wanaka,suburb_1st_order,Lake Wānaka,T
7459,Ruakaka Bay,suburb_3rd_order,Ruakākā Bay,T
7466,Waitemata Harbour,suburb_3rd_order,Waitematā Harbour,T
7516,Lake Wanaka,suburb_1st_order,Lake Wānaka,T
7517,Parengarenga Harbour,suburb_3rd_order,Pārengarenga Harbour,T
7519,Waitemata Harbour,suburb_3rd_order,Waitematā Harbour,T
7532,Waitemata Harbour,suburb_3rd_order,Waitematā Harbour,T
7534,Waitata Bay,suburb_3rd_order,Waitātā Bay,T
7534,Waitata Reach,suburb_2nd_order,Waitātā Reach,T
7547,Waitemata Harbour,suburb_3rd_order,Waitematā Harbour,T
7553,Sutherland Sound,suburb_4th_order,Te Hāpua / Sutherland Sound,T
7563,Tahunapo Bay,suburb_4th_order,Tahunapō Bay,T
7575,Takou Bay,suburb_4th_order,Tākou Bay,T
7601,Te Arero Bay,suburb_4th_order,Te Ārero Bay,T
7606,Te Hapua Bay,suburb_4th_order,Te Hāpua Bay,T
7608,Te Hinau Bay,suburb_4th_order,Te Hīnau Bay,T
7635,Waitemata Harbour,suburb_3rd_order,Waitematā Harbour,T
7640,Te Pohue Bay,suburb_4th_order,Te Pōhue Bay,T
7647,Te Rata Bay,suburb_4th_order,Te Rātā Bay,T
7653,Te Ti Bay,suburb_4th_order,Te Tī Bay,T
7654,Te Ti Bay,suburb_4th_order,Te Tī Bay,T
7658,Waitemata Harbour,suburb_3rd_order,Waitematā Harbour,T
7677,Whangarei Harbour,suburb_2nd_order,Whangārei Harbour,T
7687,Tirau Bay,suburb_4th_order,Tīrau Bay,T
7688,Titahi Bay,suburb_4th_order,Tītahi Bay,T
7705,Waitemata Harbour,suburb_3rd_order,Waitematā Harbour,T
7717,Waitata Reach,suburb_2nd_order,Waitātā Reach,T
7717,Waitata Bay,suburb_3rd_order,Waitātā Bay,T
7732,Waitemata Harbour,suburb_3rd_order,Waitematā Harbour,T
7737,Waitemata Harbour,suburb_3rd_order,Waitematā Harbour,T
7759,Waikereru Bay,suburb_4th_order,Waikererū Bay,T
7766,Wainikau Bay,suburb_4th_order,Wainīkau Bay,T
7771,Waitata Reach,suburb_2nd_order,Waitātā Reach,T
7778,Waitemata Harbour,suburb_3rd_order,Waitematā Harbour,T
7786,Ruakaka Bay,suburb_3rd_order,Ruakākā Bay,T
7799,Waitata Bay,suburb_3rd_order,Waitātā Bay,T
7799,Waitata Reach,suburb_2nd_order,Waitātā Reach,T
7800,Waitata Bay,suburb_4th_order,Waitātā Bay,T
7802,Waitepipi Bay,suburb_4th_order,Waitepipī Bay,T
7809,Waitemata Harbour,suburb_3rd_order,Waitematā Harbour,T
7825,Waitemata Harbour,suburb_3rd_order,Waitematā Harbour,T
7846,Whangaparaoa Bay,suburb_4th_order,Whangaparāoa Bay,T
7847,Whangape Harbour,suburb_4th_order,Whangapē Harbour,T
7851,Lake Rotoma,suburb_1st_order,Lake Rotomā,T
7891,Waitata Reach,suburb_2nd_order,Waitātā Reach,T
7917,Waitata Reach,suburb_2nd_order,Waitātā Reach,T
2389,Taupo,majorlocality_name,Taupō,T
8000,Thompson Sound,suburb_3rd_order,Te Awa-o-Tū / Thompson Sound,T
8056,Hapuatuna Bay,suburb_4th_order,Hāpuatuna Bay,T
8061,Lyttelton Harbour / Whakaraupo,suburb_3rd_order,Lyttelton Harbour/Whakaraupō,T
8070,Waitata Reach,suburb_2nd_order,Waitātā Reach,T
8135,Thompson Sound,suburb_3rd_order,Te Awa-o-Tū / Thompson Sound,T
8144,Maori Bay,suburb_4th_order,Māori Bay,T
8174,Thompson Sound,suburb_3rd_order,Te Awa-o-Tū / Thompson Sound,T
8195,Oakura Bay,suburb_4th_order,Ōakura Bay,T
8196,Oamaru Bay,suburb_4th_order,Ōamaru Bay,T
8198,Okere Inlet,suburb_3rd_order,Ōkere Inlet,T
8215,Thompson Sound,suburb_3rd_order,Te Awa-o-Tū / Thompson Sound,T
8231,Otu Bay,suburb_4th_order,Otū Bay,T
8247,Whangarei Harbour,suburb_2nd_order,Whangārei Harbour,T
8266,Turanganui a Kiwa / Poverty Bay,suburb_3rd_order,Tūranganui-a-Kiwa / Poverty Bay,T
8324,Lake Wanaka,suburb_1st_order,Lake Wānaka,T
8329,Thompson Sound,suburb_3rd_order,Te Awa-o-Tū / Thompson Sound,T
8337,Parengarenga Harbour,suburb_3rd_order,Pārengarenga Harbour,T
8368,Tikotatahi Bay,suburb_4th_order,Tikotātahi Bay,T
8379,Tutaepawhati Bay,suburb_4th_order,Tūtaepāwhati Bay,T
8387,Waitata Reach,suburb_2nd_order,Waitātā Reach,T
8400,Waitakere Bay,suburb_4th_order,Waitākere Bay,T
8401,Waitemata Harbour,suburb_3rd_order,Waitematā Harbour,T
8406,Waitata Reach,suburb_2nd_order,Waitātā Reach,T
8431,Waitata Reach,suburb_2nd_order,Waitātā Reach,T
8465,Lyttelton Harbour / Whakaraupo,suburb_3rd_order,Lyttelton Harbour/Whakaraupō,T
8466,Mangonui Harbour,suburb_3rd_order,Mangōnui Harbour,T
8484,Parengarenga Harbour,suburb_3rd_order,Pārengarenga Harbour,T
8494,Waitata Reach,suburb_2nd_order,Waitātā Reach,T
8511,Turanganui a Kiwa / Poverty Bay,suburb_3rd_order,Tūranganui-a-Kiwa / Poverty Bay,T
8525,Thompson Sound,suburb_3rd_order,Te Awa-o-Tū / Thompson Sound,T
8551,Whangarei Harbour,suburb_2nd_order,Whangārei Harbour,T
8569,Mokau Bay,suburb_4th_order,Mōkau Bay,T
8573,Opotiki Bay,suburb_4th_order,Ōpōtiki Bay,T
8590,Parengarenga Harbour,suburb_3rd_order,Pārengarenga Harbour,T
8631,Waitemata Harbour,suburb_3rd_order,Waitematā Harbour,T
8636,Waitata Reach,suburb_2nd_order,Waitātā Reach,T
8646,Waitarere Beach,suburb_4th_order,Waitārere,T
8647,Otaki Beach,suburb_4th_order,Ōtaki Beach,T
8649,Omiha,suburb_4th_order,Ōmiha,T
8695,Totara Park,suburb_4th_order,Tōtara Park,T
8697,East Tamaki Heights,suburb_4th_order,East Tāmaki Heights,T
8698,Totara Rocks,suburb_4th_order,Tōtara Rocks,T
8708,Lake Rotoma,suburb_4th_order,Lake Rotomā,T
8710,Kaikaitahuna Bay,suburb_4th_order,Kaikaitāhuna Bay,T
8711,Owhatiura Bay,suburb_4th_order,Ōwhatiura Bay,T
8713,Pourakau Bay,suburb_4th_order,Pourākau Bay,T
8715,Te Karamuramu Bay,suburb_4th_order,Te Kāramuramu Bay,T
8718,Waiteti Bay,suburb_4th_order,Waitetī Bay,T
8720,Manupirua Bay,suburb_4th_order,Manupīrua Bay,T
8721,Ngapuka Bay,suburb_4th_order,Ngāpuka Bay,T
8722,Okahutoroa Bay,suburb_4th_order,Ōkahutoroa Bay,T
8724,Otaramarae Bay,suburb_4th_order,Ōtaramarae Bay,T
8731,Tawhakarere Bay,suburb_4th_order,Tāwhakarere Bay,T
8732,Te Kopiha Bay,suburb_4th_order,Te Kōpiha Bay,T
8734,Tumoana Bay,suburb_4th_order,Tūmoana Bay,T
8736,Okere Inlet,suburb_3rd_order,Ōkere Inlet,T
8738,Ngamimiro Bay,suburb_4th_order,Ngāmimiro Bay,T
8739,Lake Rotoma,suburb_1st_order,Lake Rotomā,T
8739,Otumarokura Bay,suburb_4th_order,Ōtūmarokura Bay,T
8740,Lake Rotoma,suburb_1st_order,Lake Rotomā,T
8741,Lake Rotoma,suburb_1st_order,Lake Rotomā,T
8742,Ngahaua Bay,suburb_4th_order,Ngāhauā Bay,T
8743,Oruaroa Bay,suburb_4th_order,Ōruaroa Bay,T
8743,Otangimoana Bay,suburb_3rd_order,Ōtangimoana Bay,T
8746,Moura Bay,suburb_4th_order,Mourā Bay,T
8747,Ngahereta Bay,suburb_4th_order,Ngāheretā Bay,T
8748,Ruakopu Bay,suburb_4th_order,Ruakōpū Bay,T
8750,Te Rata Bay,suburb_4th_order,Te Rātā Bay,T
8815,Whangarei,suburb_4th_order,Whangārei,T
8835,Otahuhu,suburb_4th_order,Ōtāhuhu,T
8870,Takapuwahia,suburb_4th_order,Takapūwāhia,T
8879,Okarito Lagoon,suburb_4th_order,Ōkārito Lagoon,T
8899,Raukumara,suburb_4th_order,Raukūmara,T
8910,Wharekopae,suburb_4th_order,Wharekōpae,T
8937,Paekakariki Hill,suburb_4th_order,Paekākāriki Hill,T
8938,Ranui,suburb_4th_order,Rānui,T
8966,Mataitai Bay,suburb_4th_order,Mātaitai Bay,T
1687,Tinui,majorlocality_name,Tīnui,T
2369,Ngaruawahia,majorlocality_name,Ngāruawāhia,T
1582,Taneatua,city_name,Tāneatua,T
6527,Mangonui,majorlocality_name,Mangōnui,T
2849,Whangarei,city_name,Whangārei,T
2963,Kumeu,majorlocality_name,Kumeū,T
1627,Opunake,majorlocality_name,Ōpunake,T
750,Putaruru,majorlocality_name,Putāruru,T
958,Nuhaka,majorlocality_name,Nūhaka,T
2673,Omokoroa,city_name,Ōmokoroa,T
630,Kaikoura,city_name,Kaikōura,T
2025,Whangarei,majorlocality_name,Whangārei,T
2251,Whangarei,city_name,Whangārei,T
4038,Turangi,majorlocality_name,Tūrangi,T
2440,Whirinaki Forest Park,majorlocality_name,Whirinaki Te Pua-a-Tāne Conservation Park,T
2844,Whangarei,city_name,Whangārei,T
2841,Whangarei,majorlocality_name,Whangārei,T
2827,Whangarei,majorlocality_name,Whangārei,T
3982,Taupo,majorlocality_name,Taupō,T
8648,Otaki,majorlocality_name,Ōtaki,T
8659,Turangi,majorlocality_name,Tūrangi,T
2466,Kaikoura,majorlocality_name,Kaikōura,T
4098,Taupo,city_name,Taupō,T
2828,Whangarei,majorlocality_name,Whangārei,T
568,Whangarei,majorlocality_name,Whangārei,T
2469,Kaikoura,majorlocality_name,Kaikōura,T
1981,Taupo,majorlocality_name,Taupō,T
2217,Ohaupo,city_name,Ōhaupō,T
4016,Okaihau,majorlocality_name,Ōkaihau,T
2847,Whangarei,city_name,Whangārei,T
2408,Turangi,majorlocality_name,Tūrangi,T
2187,Taupo,majorlocality_name,Taupō,T
2659,Ohope,majorlocality_name,Ōhope,T
3420,Whangarei,city_name,Whangārei,T
2443,Turangi,majorlocality_name,Tūrangi,T
2680,Whangamata,majorlocality_name,Whangamatā,T
2277,Whakatane,majorlocality_name,Whakatāne,T
8860,Taupo,majorlocality_name,Taupō,T
3714,Otaki,majorlocality_name,Ōtaki,T
824,Kaikoura,majorlocality_name,Kaikōura,T
703,Opaki,majorlocality_name,Ōpaki,T
2842,Whangarei,majorlocality_name,Whangārei,T
1070,Oakura,majorlocality_name,Ōakura,T
2838,Whangarei,city_name,Whangārei,T
1313,Whangarei,city_name,Whangārei,T
336,Eketahuna,majorlocality_name,Eketāhuna,T
2850,Whangarei,city_name,Whangārei,T
642,Owhango,majorlocality_name,Ōwhango,T
3643,Otaki,majorlocality_name,Ōtaki,T
3449,Ngaruawahia,majorlocality_name,Ngāruawāhia,T
854,Waimarama,majorlocality_name,Waimārama,T
71,Whangarei,majorlocality_name,Whangārei,T
833,Mangatawhiri,majorlocality_name,Mangatāwhiri,T
3979,Turangi,majorlocality_name,Tūrangi,T
620,Kahuranaki,majorlocality_name,Kahurānaki,T
4086,Mangonui,city_name,Mangōnui,T
2529,Takaka,city_name,Tākaka,T
1920,Whakatane,city_name,Whakatāne,T
900,Whangarei,majorlocality_name,Whangārei,T
8967,Takaka,majorlocality_name,Tākaka,T
2848,Whangarei,city_name,Whangārei,T
975,Takaka,majorlocality_name,Tākaka,T
8876,Kumeu,majorlocality_name,Kumeū,T
2314,Kaikoura,majorlocality_name,Kaikōura,T
2161,Lake Hawea,majorlocality_name,Lake Hāwea,T
1966,Whangarei,majorlocality_name,Whangārei,T
2605,Waimarama,majorlocality_name,Waimārama,T
1180,Paekakariki,majorlocality_name,Paekākāriki,T
1188,Whangarei,majorlocality_name,Whangārei,T
1087,Ohura,majorlocality_name,Ōhura,T
666,Hawera,majorlocality_name,Hāwera,T
2467,Kaikoura,majorlocality_name,Kaikōura,T
2019,Whakatane,majorlocality_name,Whakatāne,T
629,Kaikoura,majorlocality_name,Kaikōura,T
4034,Putaruru,majorlocality_name,Putāruru,T
897,Whangarei,majorlocality_name,Whangārei,T
1153,Whangarei,majorlocality_name,Whangārei,T
850,Mapua,city_name,Māpua,T
2005,Owhango,majorlocality_name,Ōwhango,T
2950,Okato,majorlocality_name,Ōkato,T
1376,Owhango,majorlocality_name,Ōwhango,T
2528,Takaka,majorlocality_name,Tākaka,T
1285,Whakatane,city_name,Whakatāne,T
1388,Whangarei,city_name,Whangārei,T
4069,Oparau,majorlocality_name,Ōpārau,T
513,Hawera,city_name,Hāwera,T
2275,Taupo,majorlocality_name,Taupō,T
3981,Taupo,city_name,Taupō,T
1703,Whangarei,majorlocality_name,Whangārei,T
2290,Whakatane,majorlocality_name,Whakatāne,T
3415,Tirau,city_name,Tīrau,T
1679,Whangarei,majorlocality_name,Whangārei,T
8866,Taupo,majorlocality_name,Taupō,T
8862,Taupo,city_name,Taupō,T
4000,Otaki,majorlocality_name,Ōtaki,T
512,Lake Hawea,majorlocality_name,Lake Hāwea,T
6528,Whangarei,city_name,Whangārei,T
1282,Whangarei,majorlocality_name,Whangārei,T
1268,Takaka,majorlocality_name,Tākaka,T
1246,Opunake,majorlocality_name,Ōpunake,T
879,Hawera,majorlocality_name,Hāwera,T
2236,Owhango,majorlocality_name,Ōwhango,T
2409,Tirau,majorlocality_name,Tīrau,T
2832,Whangarei,majorlocality_name,Whangārei,T
2370,Ohau,majorlocality_name,Ōhau,T
8867,Taupo,city_name,Taupō,T
2218,Whakatane,majorlocality_name,Whakatāne,T
1050,Hawera,city_name,Hāwera,T
4739,Whakatane,majorlocality_name,Whakatāne,T
2945,Makara Beach,majorlocality_name,Mākara Beach,T
3280,Takaka,majorlocality_name,Tākaka,T
2624,Nuhaka,majorlocality_name,Nūhaka,T
1083,Hawera,majorlocality_name,Hāwera,T
4020,Whangamata,majorlocality_name,Whangamatā,T
2858,Whangarei,city_name,Whangārei,T
1759,Takaka,majorlocality_name,Tākaka,T
1710,Ohura,majorlocality_name,Ōhura,T
2725,Orere Point,majorlocality_name,Ōrere Point,T
2948,Opunake,majorlocality_name,Ōpunake,T
1339,Putaruru,city_name,Putāruru,T
3637,Otaki,majorlocality_name,Ōtaki,T
2594,Tinui,majorlocality_name,Tīnui,T
8647,Otaki,majorlocality_name,Ōtaki,T
8861,Taupo,city_name,Taupō,T
1719,Takaka,majorlocality_name,Tākaka,T
2442,Taupo,city_name,Taupō,T
2857,Ruakaka,majorlocality_name,Ruakākā,T
34,Apiti,majorlocality_name,Āpiti,T
2403,Whakatane,majorlocality_name,Whakatāne,T
2344,Turangi,majorlocality_name,Tūrangi,T
2284,Tirau,majorlocality_name,Tīrau,T
8865,Taupo,majorlocality_name,Taupō,T
1413,Whangarei,city_name,Whangārei,T
1697,Tirau,city_name,Tīrau,T
3398,Ohaupo,majorlocality_name,Ōhaupō,T
247,Whakatane,majorlocality_name,Whakatāne,T
1454,Mapua,majorlocality_name,Māpua,T
2002,Taupo,majorlocality_name,Taupō,T
8868,Taupo,city_name,Taupō,T
3546,Ohaupo,city_name,Ōhaupō,T
4023,Atiamuri,majorlocality_name,Ātiamuri,T
2530,Takaka,majorlocality_name,Tākaka,T
2009,Atiamuri,majorlocality_name,Ātiamuri,T
1147,Hawera,majorlocality_name,Hāwera,T
2349,Kaikoura,majorlocality_name,Kaikōura,T
2661,Whakatane,majorlocality_name,Whakatāne,T
2021,Turangi,majorlocality_name,Tūrangi,T
1926,Whangarei,majorlocality_name,Whangārei,T
655,Hawera,majorlocality_name,Hāwera,T
1934,Whangarei,majorlocality_name,Whangārei,T
1404,Whangarei,majorlocality_name,Whangārei,T
680,Whangarei,city_name,Whangārei,T
2835,Whangarei,majorlocality_name,Whangārei,T
1704,Opotiki,majorlocality_name,Ōpōtiki,T
1991,Otane,majorlocality_name,Ōtāne,T
2269,Whakatane,majorlocality_name,Whakatāne,T
2834,Whangarei Heads,majorlocality_name,Whangārei Heads,T
827,Porangahau,majorlocality_name,Pōrangahau,T
889,Ngaruawahia,majorlocality_name,Ngāruawāhia,T
2608,Porangahau,majorlocality_name,Pōrangahau,T
1248,Matata,majorlocality_name,Matatā,T
1341,Whangarei,city_name,Whangārei,T
2846,Whangarei,city_name,Whangārei,T
2970,Taupo,majorlocality_name,Taupō,T
2939,Opotiki,majorlocality_name,Ōpōtiki,T
8864,Taupo,majorlocality_name,Taupō,T
1624,Otaki,majorlocality_name,Ōtaki,T
2845,Whangarei,city_name,Whangārei,T
2851,Whangarei,majorlocality_name,Whangārei,T
3556,Ohaupo,city_name,Ōhaupō,T
2783,Okaihau,majorlocality_name,Ōkaihau,T
3332,Ohaupo,city_name,Ōhaupō,T
84,Takaka,majorlocality_name,Tākaka,T
1717,Opotiki,majorlocality_name,Ōpōtiki,T
8672,Turangi,city_name,Tūrangi,T
1120,Opotiki,city_name,Ōpōtiki,T
3240,Ngaruawahia,city_name,Ngāruawāhia,T
4104,Porangahau,majorlocality_name,Pōrangahau,T
2843,Whangarei,majorlocality_name,Whangārei,T
1673,Whakatane,majorlocality_name,Whakatāne,T
1501,Kaikoura,city_name,Kaikōura,T
8965,Turangi,majorlocality_name,Tūrangi,T
2808,Mangonui,majorlocality_name,Mangōnui,T
3513,Ohaupo,majorlocality_name,Ōhaupō,T
4517,Motiti Island,majorlocality_name,Mōtītī Island,T
8815,Whangarei,city_name,Whangārei,T
325,Takaka,majorlocality_name,Tākaka,T
49,Otane,majorlocality_name,Ōtāne,T
1152,Otane,majorlocality_name,Ōtāne,T
2391,Turangi,majorlocality_name,Tūrangi,T
4024,Ngaruawahia,majorlocality_name,Ngāruawāhia,T
8863,Taupo,majorlocality_name,Taupō,T
2525,Takaka,majorlocality_name,Tākaka,T
2220,Whakatane,majorlocality_name,Whakatāne,T
2363,Turangi,majorlocality_name,Tūrangi,T
6549,Okaihau,majorlocality_name,Ōkaihau,T
4102,Otaua,majorlocality_name,Ōtaua,T
2858,Whangarei,majorlocality_name,Whangārei,T
2660,Whakatane,majorlocality_name,Whakatāne,T
4020,Whangamata,city_name,Whangamatā,T
2948,Opunake,city_name,Ōpunake,T
3637,Otaki,city_name,Ōtaki,T
1208,Whangarei,majorlocality_name,Whangārei,T
8910,Wharekopae,majorlocality_name,Wharekōpae,T
1339,Putaruru,majorlocality_name,Putāruru,T
8861,Taupo,majorlocality_name,Taupō,T
8647,Otaki,city_name,Ōtaki,T
1088,Hawera,majorlocality_name,Hāwera,T
8833,Whangarei,majorlocality_name,Whangārei,T
1453,Taneatua,majorlocality_name,Tāneatua,T
1068,Whangarei,majorlocality_name,Whangārei,T
2769,Te Kopuru,majorlocality_name,Te Kōpuru,T
8867,Taupo,majorlocality_name,Taupō,T
1050,Hawera,majorlocality_name,Hāwera,T
2945,Makara Beach,city_name,Mākara Beach,T
3280,Takaka,city_name,Tākaka,T
1844,Ohura,majorlocality_name,Ōhura,T
2743,Takaka,majorlocality_name,Tākaka,T
2672,Whakamarama,majorlocality_name,Whakamārama,T
3398,Ohaupo,city_name,Ōhaupō,T
1697,Tirau,majorlocality_name,Tīrau,T
1454,Mapua,city_name,Māpua,T
247,Whakatane,city_name,Whakatāne,T
1072,Opunake,majorlocality_name,Ōpunake,T
1031,Whangarei,majorlocality_name,Whangārei,T
2745,Hawera,majorlocality_name,Hāwera,T
8868,Taupo,majorlocality_name,Taupō,T
1113,Opaki,majorlocality_name,Ōpaki,T
929,Opaki,majorlocality_name,Ōpaki,T
4063,Lake Hawea,majorlocality_name,Lake Hāwea,T
1635,Otane,majorlocality_name,Ōtāne,T
3546,Ohaupo,majorlocality_name,Ōhaupō,T
711,Whangarei,majorlocality_name,Whangārei,T
2442,Taupo,majorlocality_name,Taupō,T
2857,Ruakaka,city_name,Ruakākā,T
2284,Tirau,city_name,Tīrau,T
8865,Taupo,city_name,Taupō,T
2527,Takaka,majorlocality_name,Tākaka,T
1413,Whangarei,majorlocality_name,Whangārei,T
68,Hawera,majorlocality_name,Hāwera,T
2810,Mangonui,majorlocality_name,Mangōnui,T
1341,Whangarei,majorlocality_name,Whangārei,T
2970,Taupo,city_name,Taupō,T
8831,Putaruru,majorlocality_name,Putāruru,T
2845,Whangarei,majorlocality_name,Whangārei,T
2939,Opotiki,city_name,Ōpōtiki,T
8864,Taupo,city_name,Taupō,T
2292,Taupo,majorlocality_name,Taupō,T
2661,Whakatane,city_name,Whakatāne,T
2349,Kaikoura,city_name,Kaikōura,T
1926,Whangarei,city_name,Whangārei,T
424,Whangarei,majorlocality_name,Whangārei,T
2738,Hawera,majorlocality_name,Hāwera,T
2679,Whangamata,majorlocality_name,Whangamatā,T
2526,Takaka,majorlocality_name,Tākaka,T
680,Whangarei,majorlocality_name,Whangārei,T
2531,Takaka,majorlocality_name,Tākaka,T
831,Mangatawhiri,majorlocality_name,Mangatāwhiri,T
2417,Taupo,majorlocality_name,Taupō,T
88,Hawera,majorlocality_name,Hāwera,T
1686,Tinui,majorlocality_name,Tīnui,T
1152,Otane,city_name,Ōtāne,T
8893,Nuhaka,majorlocality_name,Nūhaka,T
8863,Taupo,city_name,Taupō,T
2551,Okiwi Bay,majorlocality_name,Ōkiwi Bay,T
450,Kaikoura,majorlocality_name,Kaikōura,T
979,Opaki,majorlocality_name,Ōpaki,T
1948,Putaruru,majorlocality_name,Putāruru,T
3556,Ohaupo,majorlocality_name,Ōhaupō,T
2851,Whangarei,city_name,Whangārei,T
1120,Opotiki,majorlocality_name,Ōpōtiki,T
4005,Turangi,majorlocality_name,Tūrangi,T
8672,Turangi,majorlocality_name,Tūrangi,T
3332,Ohaupo,majorlocality_name,Ōhaupō,T
3240,Ngaruawahia,majorlocality_name,Ngāruawāhia,T
1501,Kaikoura,majorlocality_name,Kaikōura,T
2843,Whangarei,city_name,Whangārei,T
3513,Ohaupo,city_name,Ōhaupō,T
8815,Whangarei,majorlocality_name,Whangārei,T
630,Kaikoura,majorlocality_name,Kaikōura,T
1273,Pokeno,majorlocality_name,Pōkeno,T
1820,Opotiki,majorlocality_name,Ōpōtiki,T
2251,Whangarei,majorlocality_name,Whangārei,T
1612,Taneatua,majorlocality_name,Tāneatua,T
2025,Whangarei,city_name,Whangārei,T
2007,Ohaupo,majorlocality_name,Ōhaupō,T
2841,Whangarei,city_name,Whangārei,T
2844,Whangarei,majorlocality_name,Whangārei,T
3982,Taupo,city_name,Taupō,T
2599,Tinui,majorlocality_name,Tīnui,T
1814,Ngaruawahia,majorlocality_name,Ngāruawāhia,T
2634,Mahia,majorlocality_name,Māhia,T
2953,Awhitu,majorlocality_name,Āwhitu,T
657,Hawera,majorlocality_name,Hāwera,T
2369,Ngaruawahia,city_name,Ngāruawāhia,T
2604,Waimarama,majorlocality_name,Waimārama,T
1582,Taneatua,majorlocality_name,Tāneatua,T
2963,Kumeu,city_name,Kumeū,T
2849,Whangarei,majorlocality_name,Whangārei,T
2219,Turangi,majorlocality_name,Tūrangi,T
2673,Omokoroa,majorlocality_name,Ōmokoroa,T
818,Whakatane,majorlocality_name,Whakatāne,T
8972,Opotiki,majorlocality_name,Ōpōtiki,T
3420,Whangarei,majorlocality_name,Whangārei,T
2659,Ohope,city_name,Ōhope,T
8860,Taupo,city_name,Taupō,T
2443,Turangi,city_name,Tūrangi,T
2591,Tinui,majorlocality_name,Tīnui,T
2842,Whangarei,city_name,Whangārei,T
1698,Eketahuna,majorlocality_name,Eketāhuna,T
3714,Otaki,city_name,Ōtaki,T
1070,Oakura,city_name,Ōakura,T
1709,Hawera,majorlocality_name,Hāwera,T
1338,Whangarei,majorlocality_name,Whangārei,T
2838,Whangarei,majorlocality_name,Whangārei,T
508,Otaki,majorlocality_name,Ōtaki,T
3643,Otaki,city_name,Ōtaki,T
2850,Whangarei,majorlocality_name,Whangārei,T
336,Eketahuna,city_name,Eketāhuna,T
1313,Whangarei,majorlocality_name,Whangārei,T
3449,Ngaruawahia,city_name,Ngāruawāhia,T
3984,Atiamuri,majorlocality_name,Ātiamuri,T
4098,Taupo,majorlocality_name,Taupō,T
881,Matata,majorlocality_name,Matatā,T
2056,Whakatane,majorlocality_name,Whakatāne,T
568,Whangarei,city_name,Whangārei,T
1352,Opunake,majorlocality_name,Ōpunake,T
288,Turangi,majorlocality_name,Tūrangi,T
2001,Turangi,majorlocality_name,Tūrangi,T
17,Eketahuna,majorlocality_name,Eketāhuna,T
734,Lake Hawea,majorlocality_name,Lake Hāwea,T
2033,Oparau,majorlocality_name,Ōpārau,T
2847,Whangarei,majorlocality_name,Whangārei,T
2831,Whangarei,majorlocality_name,Whangārei,T
2217,Ohaupo,majorlocality_name,Ōhaupō,T
8876,Kumeu,city_name,Kumeū,T
2784,Okaihau,majorlocality_name,Ōkaihau,T
2656,Opotiki,majorlocality_name,Ōpōtiki,T
613,Taupo,majorlocality_name,Taupō,T
2736,Tirau,majorlocality_name,Tīrau,T
8760,Whangarei,city_name,Whangārei,T
1180,Paekakariki,city_name,Paekākāriki,T
2465,Kaikoura,majorlocality_name,Kaikōura,T
1966,Whangarei,city_name,Whangārei,T
1087,Ohura,city_name,Ōhura,T
8980,Kaikoura,majorlocality_name,Kaikōura,T
1836,Taupo,majorlocality_name,Taupō,T
1409,Hawera,majorlocality_name,Hāwera,T
629,Kaikoura,city_name,Kaikōura,T
71,Whangarei,city_name,Whangārei,T
880,Whangarei,majorlocality_name,Whangārei,T
948,Hawera,majorlocality_name,Hāwera,T
85,Takaka,majorlocality_name,Tākaka,T
900,Whangarei,city_name,Whangārei,T
1920,Whakatane,majorlocality_name,Whakatāne,T
2529,Takaka,majorlocality_name,Tākaka,T
4086,Mangonui,majorlocality_name,Mangōnui,T
6550,Okaihau,majorlocality_name,Ōkaihau,T
2848,Whangarei,majorlocality_name,Whangārei,T
513,Hawera,majorlocality_name,Hāwera,T
3981,Taupo,majorlocality_name,Taupō,T
2233,Taupo,majorlocality_name,Taupō,T
2382,Kaikoura,majorlocality_name,Kaikōura,T
1938,Whakatane,majorlocality_name,Whakatāne,T
2657,Opotiki,majorlocality_name,Ōpōtiki,T
1310,Ngaruawahia,majorlocality_name,Ngāruawāhia,T
8866,Taupo,city_name,Taupō,T
510,Opotiki,majorlocality_name,Ōpōtiki,T
1679,Whangarei,city_name,Whangārei,T
3415,Tirau,majorlocality_name,Tīrau,T
4000,Otaki,city_name,Ōtaki,T
8862,Taupo,majorlocality_name,Taupō,T
1646,Hawera,majorlocality_name,Hāwera,T
2785,Okaihau,majorlocality_name,Ōkaihau,T
8968,Takaka,majorlocality_name,Tākaka,T
2468,Kaikoura,majorlocality_name,Kaikōura,T
1259,Whangarei,majorlocality_name,Whangārei,T
6528,Whangarei,majorlocality_name,Whangārei,T
2950,Okato,city_name,Ōkato,T
850,Mapua,majorlocality_name,Māpua,T
2312,Lake Hawea,majorlocality_name,Lake Hāwea,T
1153,Whangarei,city_name,Whangārei,T
4120,Awhitu,majorlocality_name,Āwhitu,T
1285,Whakatane,majorlocality_name,Whakatāne,T
4068,Oparau,majorlocality_name,Ōpārau,T
1157,Opotiki,majorlocality_name,Ōpōtiki,T
1998,Taupo,majorlocality_name,Taupō,T
1388,Whangarei,majorlocality_name,Whangārei,T
2405,Turangi,majorlocality_name,Tūrangi,T
2144,Kaikoura,majorlocality_name,Kaikōura,T
4174,Titi / Muttonbird Islands,suburb_2nd_order,Tītī / Muttonbird Islands,T
4176,Titi / Muttonbird Islands,suburb_2nd_order,Tītī / Muttonbird Islands,T
4180,Titi / Muttonbird Islands,suburb_2nd_order,Tītī / Muttonbird Islands,T
4285,Titi / Muttonbird Islands,suburb_2nd_order,Tītī / Muttonbird Islands,T
4326,Titi / Muttonbird Islands,suburb_2nd_order,Tītī / Muttonbird Islands,T
4387,Titi / Muttonbird Islands,suburb_2nd_order,Tītī / Muttonbird Islands,T
4397,Titi / Muttonbird Islands,suburb_2nd_order,Tītī / Muttonbird Islands,T
4406,Titi / Muttonbird Islands,suburb_2nd_order,Tītī / Muttonbird Islands,T
4408,Titi / Muttonbird Islands,suburb_2nd_order,Tītī / Muttonbird Islands,T
4443,Titi / Muttonbird Islands,suburb_2nd_order,Tītī / Muttonbird Islands,T
4510,Titi / Muttonbird Islands,suburb_2nd_order,Tītī / Muttonbird Islands,T
4511,Titi / Muttonbird Islands,suburb_2nd_order,Tītī / Muttonbird Islands,T
4693,Titi / Muttonbird Islands,suburb_2nd_order,Tītī / Muttonbird Islands,T
4733,Titi / Muttonbird Islands,suburb_2nd_order,Tītī / Muttonbird Islands,T
4820,Titi / Muttonbird Islands,suburb_2nd_order,Tītī / Muttonbird Islands,T
4823,Titi / Muttonbird Islands,suburb_2nd_order,Tītī / Muttonbird Islands,T
4830,Titi / Muttonbird Islands,suburb_2nd_order,Tītī / Muttonbird Islands,T
4832,Titi / Muttonbird Islands,suburb_2nd_order,Tītī / Muttonbird Islands,T
4841,Titi / Muttonbird Islands,suburb_2nd_order,Tītī / Muttonbird Islands,T
4842,Titi / Muttonbird Islands,suburb_2nd_order,Tītī / Muttonbird Islands,T
4850,Titi / Muttonbird Islands,suburb_2nd_order,Tītī / Muttonbird Islands,T
4880,Titi / Muttonbird Islands,suburb_2nd_order,Tītī / Muttonbird Islands,T
4887,Titi / Muttonbird Islands,suburb_2nd_order,Tītī / Muttonbird Islands,T
4907,Titi / Muttonbird Islands,suburb_2nd_order,Tītī / Muttonbird Islands,T
4966,Titi / Muttonbird Islands,suburb_2nd_order,Tītī / Muttonbird Islands,T
4967,Titi / Muttonbird Islands,suburb_2nd_order,Tītī / Muttonbird Islands,T
5047,Titi / Muttonbird Islands,suburb_2nd_order,Tītī / Muttonbird Islands,T
5128,Titi / Muttonbird Islands,suburb_2nd_order,Tītī / Muttonbird Islands,T
5143,Titi / Muttonbird Islands,suburb_2nd_order,Tītī / Muttonbird Islands,T
5148,Titi / Muttonbird Islands,suburb_2nd_order,Tītī / Muttonbird Islands,T
5176,Titi / Muttonbird Islands,suburb_2nd_order,Tītī / Muttonbird Islands,T
5187,Titi / Muttonbird Islands,suburb_2nd_order,Tītī / Muttonbird Islands,T
5215,Titi / Muttonbird Islands,suburb_2nd_order,Tītī / Muttonbird Islands,T
5408,Titi / Muttonbird Islands,suburb_2nd_order,Tītī / Muttonbird Islands,T
5437,Titi / Muttonbird Islands,suburb_2nd_order,Tītī / Muttonbird Islands,T
6198,Titi / Muttonbird Islands,suburb_2nd_order,Tītī / Muttonbird Islands,T
6461,Titi / Muttonbird Islands,suburb_2nd_order,Tītī / Muttonbird Islands,T
3413,Lake Okataina /Te Moana i kataina a Te Rangitakaroro,suburb_4th_order,Lake Ōkataina/Te Moana i kataina ā Te Rangitakaroro,T
3426,Otemataraha Lake,suburb_4th_order,Ōtemataraha Lake,T
3454,Lake Te Pohue,suburb_4th_order,Lake Te Pōhue,T
5014,Wakatehaua Island,suburb_4th_order,Wakatehāua Island,T
6807,Oraumoa / Fighting Bay,suburb_4th_order,Ōraumoa / Fighting Bay,T
8419,Whareatea Bay,suburb_4th_order,Whareātea Bay,T
